Workbook

Sheet Employee List
A1: Ortigas Group (OLC, OCC, OCLP)
A2: Employee List
A4: TOTAL | C4: =SUBTOTAL(9,C8:C1048576) -> 26655177 | D4: =SUBTOTAL(9,D8:D1048576) -> 1083850 | E4: =SUBTOTAL(9,E8:E1048576) -> 65000 | F4: =SUBTOTAL(9,F8:F1048576) -> 448362.7 | G4: =SUM(C4:F4) -> 28252389
A6: to be filled-out by HR | B6: to be filled-out by HR | C6: xlookup | D6: xlookup | E6: xlookup | F6: xlookup
A7: Company | B7: Rank | C7: Basic Pay | D7: Government Contributions (ER) - SSS | E7: Government Contributions (ER) - Pag-Ibig | F7: Government Contributions (ER) - Philhealth
A8: OCLP | B8: 3 | C8: =_xlfn.XLOOKUP(B8,'Average Salary'!A:A,'Average Salary'!B:B) -> 25070 | D8: =_xlfn.XLOOKUP($B8,'Average Salary'!$A:$A,'Average Salary'!C:C) -> 2530 | E8: =_xlfn.XLOOKUP($B8,'Average Salary'!$A:$A,'Average Salary'!D:D) -> 200 | F8: =_xlfn.XLOOKUP($B8,'Average Salary'!$A:$A,'Average Salary'!E:E) -> 626.75
A9: OCLP Project | B9: 1 | C9: =_xlfn.XLOOKUP(B9,'Average Salary'!A:A,'Average Salary'!B:B) -> 32379.409 | D9: =_xlfn.XLOOKUP($B9,'Average Salary'!$A:$A,'Average Salary'!C:C) -> 3280 | E9: =_xlfn.XLOOKUP($B9,'Average Salary'!$A:$A,'Average Salary'!D:D) -> 200 | F9: =_xlfn.XLOOKUP($B9,'Average Salary'!$A:$A,'Average Salary'!E:E) -> 809.48523
A10: OCLP Project | B10: 1 | C10: =_xlfn.XLOOKUP(B10,'Average Salary'!A:A,'Average Salary'!B:B) -> 32379.409 | D10: =_xlfn.XLOOKUP($B10,'Average Salary'!$A:$A,'Average Salary'!C:C) -> 3280 | E10: =_xlfn.XLOOKUP($B10,'Average Salary'!$A:$A,'Average Salary'!D:D) -> 200 | F10: =_xlfn.XLOOKUP($B10,'Average Salary'!$A:$A,'Average Salary'!E:E) -> 809.48523
A11: OCLP Project | B11: 1 | C11: =_xlfn.XLOOKUP(B11,'Average Salary'!A:A,'Average Salary'!B:B) -> 32379.409 | D11: =_xlfn.XLOOKUP($B11,'Average Salary'!$A:$A,'Average Salary'!C:C) -> 3280 | E11: =_xlfn.XLOOKUP($B11,'Average Salary'!$A:$A,'Average Salary'!D:D) -> 200 | F11: =_xlfn.XLOOKUP($B11,'Average Salary'!$A:$A,'Average Salary'!E:E) -> 809.48523
A12: OCLP | B12: 4 | C12: =_xlfn.XLOOKUP(B12,'Average Salary'!A:A,'Average Salary'!B:B) -> 33790 | D12: =_xlfn.XLOOKUP($B12,'Average Salary'!$A:$A,'Average Salary'!C:C) -> 3430 | E12: =_xlfn.XLOOKUP($B12,'Average Salary'!$A:$A,'Average Salary'!D:D) -> 200 | F12: =_xlfn.XLOOKUP($B12,'Average Salary'!$A:$A,'Average Salary'!E:E) -> 844.75
A13: OCLP | B13: 3 | C13: =_xlfn.XLOOKUP(B13,'Average Salary'!A:A,'Average Salary'!B:B) -> 25070 | D13: =_xlfn.XLOOKUP($B13,'Average Salary'!$A:$A,'Average Salary'!C:C) -> 2530 | E13: =_xlfn.XLOOKUP($B13,'Average Salary'!$A:$A,'Average Salary'!D:D) -> 200 | F13: =_xlfn.XLOOKUP($B13,'Average Salary'!$A:$A,'Average Salary'!E:E) -> 626.75
A14: OCLP | B14: 7 | C14: =_xlfn.XLOOKUP(B14,'Average Salary'!A:A,'Average Salary'!B:B) -> 78480 | D14: =_xlfn.XLOOKUP($B14,'Average Salary'!$A:$A,'Average Salary'!C:C) -> 3530 | E14: =_xlfn.XLOOKUP($B14,'Average Salary'!$A:$A,'Average Salary'!D:D) -> 200 | F14: =_xlfn.XLOOKUP($B14,'Average Salary'!$A:$A,'Average Salary'!E:E) -> 1962
A15: OCLP Project | B15: 1 | C15: =_xlfn.XLOOKUP(B15,'Average Salary'!A:A,'Average Salary'!B:B) -> 32379.409 | D15: =_xlfn.XLOOKUP($B15,'Average Salary'!$A:$A,'Average Salary'!C:C) -> 3280 | E15: =_xlfn.XLOOKUP($B15,'Average Salary'!$A:$A,'Average Salary'!D:D) -> 200 | F15: =_xlfn.XLOOKUP($B15,'Average Salary'!$A:$A,'Average Salary'!E:E) -> 809.48523
A16: OCLP Project | B16: 1 | C16: =_xlfn.XLOOKUP(B16,'Average Salary'!A:A,'Average Salary'!B:B) -> 32379.409 | D16: =_xlfn.XLOOKUP($B16,'Average Salary'!$A:$A,'Average Salary'!C:C) -> 3280 | E16: =_xlfn.XLOOKUP($B16,'Average Salary'!$A:$A,'Average Salary'!D:D) -> 200 | F16: =_xlfn.XLOOKUP($B16,'Average Salary'!$A:$A,'Average Salary'!E:E) -> 809.48523
A17: OCLP | B17: 7 | C17: =_xlfn.XLOOKUP(B17,'Average Salary'!A:A,'Average Salary'!B:B) -> 78480 | D17: =_xlfn.XLOOKUP($B17,'Average Salary'!$A:$A,'Average Salary'!C:C) -> 3530 | E17: =_xlfn.XLOOKUP($B17,'Average Salary'!$A:$A,'Average Salary'!D:D) -> 200 | F17: =_xlfn.XLOOKUP($B17,'Average Salary'!$A:$A,'Average Salary'!E:E) -> 1962
A18: OCLP | B18: 4 | C18: =_xlfn.XLOOKUP(B18,'Average Salary'!A:A,'Average Salary'!B:B) -> 33790 | D18: =_xlfn.XLOOKUP($B18,'Average Salary'!$A:$A,'Average Salary'!C:C) -> 3430 | E18: =_xlfn.XLOOKUP($B18,'Average Salary'!$A:$A,'Average Salary'!D:D) -> 200 | F18: =_xlfn.XLOOKUP($B18,'Average Salary'!$A:$A,'Average Salary'!E:E) -> 844.75
A19: OCLP | B19: 4 | C19: =_xlfn.XLOOKUP(B19,'Average Salary'!A:A,'Average Salary'!B:B) -> 33790 | D19: =_xlfn.XLOOKUP($B19,'Average Salary'!$A:$A,'Average Salary'!C:C) -> 3430 | E19: =_xlfn.XLOOKUP($B19,'Average Salary'!$A:$A,'Average Salary'!D:D) -> 200 | F19: =_xlfn.XLOOKUP($B19,'Average Salary'!$A:$A,'Average Salary'!E:E) -> 844.75
... A351: Outsourced | B351: 2 | C351: =_xlfn.XLOOKUP(B351,'Average Salary'!A:A,'Average Salary'!B:B) -> 25070 | D351: =_xlfn.XLOOKUP($B351,'Average Salary'!$A:$A,'Average Salary'!C:C) -> 0 | E351: =_xlfn.XLOOKUP($B351,'Average Salary'!$A:$A,'Average Salary'!D:D) -> 0 | F351: =_xlfn.XLOOKUP($B351,'Average Salary'!$A:$A,'Average Salary'!E:E) -> 0

Sheet Computed Monthly Salary
A1: Ortigas Group (OLC, OCC, OCLP)
A2: Salary
A5: Account | B5: OLC | C5: OCC | D5: OCLP | E5: Total
A6: Salary
A7: Basic Pay | B7: =('Headcount per Company'!E6*'Average Salary'!$B6)+('Headcount per Company'!E7*'Average Salary'!$B7)+('Headcount per Company'!E8*'Average Salary'!$B8)+('Headcount per Company'!E9*'Average Salary'!$B9)+('Headcount per Company'!E10*'Average Salary'!$B10)+('Headcount per Company'!E11*'Average Salary'!$B11)+('Headcount per Company'!E12*'Average Salary'!$B12)+('Headcount per Company'!E13*'Average Salary'!$B13)+('Headcount per Company'!E14*'Average Salary'!$B14)+('Headcount per Company'!E15*'Average Salary'!$B15)+('Headcount per Company'!E16*'Average Salary'!$B16)+('Headcount per Company'!E17*'Average Salary'!$B17) -> 19120946 | C7: =('Headcount per Company'!B6*'Average Salary'!$B6)+('Headcount per Company'!B7*'Average Salary'!$B7)+('Headcount per Company'!B8*'Average Salary'!$B8)+('Headcount per Company'!B9*'Average Salary'!$B9)+('Headcount per Company'!B10*'Average Salary'!$B10)+('Headcount per Company'!B11*'Average Salary'!$B11)+('Headcount per Company'!B12*'Average Salary'!$B12)+('Headcount per Company'!B13*'Average Salary'!$B13)+('Headcount per Company'!B14*'Average Salary'!$B14)+('Headcount per Company'!B15*'Average Salary'!$B15)+('Headcount per Company'!B16*'Average Salary'!$B16)+('Headcount per Company'!B17*'Average Salary'!$B17) -> 4184385 | D7: =('Headcount per Company'!C6*'Average Salary'!$B6)+('Headcount per Company'!C7*'Average Salary'!$B7)+('Headcount per Company'!C8*'Average Salary'!$B8)+('Headcount per Company'!C9*'Average Salary'!$B9)+('Headcount per Company'!C10*'Average Salary'!$B10)+('Headcount per Company'!C11*'Average Salary'!$B11)+('Headcount per Company'!C12*'Average Salary'!$B12)+('Headcount per Company'!C13*'Average Salary'!$B13)+('Headcount per Company'!C14*'Average Salary'!$B14)+('Headcount per Company'!C15*'Average Salary'!$B15)+('Headcount per Company'!C16*'Average Salary'!$B16)+('Headcount per Company'!C17*'Average Salary'!$B17) -> 2225927.5 | E7: =SUM(B7:D7) -> 25531259
A8: Guaranteed Bonus | B8: =B7*2/12 -> 3186824.4 | C8: =C7*2/12 -> 697397.49 | D8: =D7*2/12 -> 370987.91 | E8: =SUM(B8:D8) -> 4255209.8
A9: Government Contributions (ER) - SSS | B9: =('Headcount per Company'!E6*'Average Salary'!$C6)+('Headcount per Company'!E7*'Average Salary'!$C7)+('Headcount per Company'!E8*'Average Salary'!$C8)+('Headcount per Company'!E9*'Average Salary'!$C9)+('Headcount per Company'!E10*'Average Salary'!$C10)+('Headcount per Company'!E11*'Average Salary'!$C11)+('Headcount per Company'!E12*'Average Salary'!$C12)+('Headcount per Company'!E13*'Average Salary'!$C13)+('Headcount per Company'!E14*'Average Salary'!$C14)+('Headcount per Company'!E15*'Average Salary'!$C15)+('Headcount per Company'!E16*'Average Salary'!$C16)+('Headcount per Company'!E17*'Average Salary'!$C17) -> 589990 | C9: =('Headcount per Company'!B6*'Average Salary'!$C6)+('Headcount per Company'!B7*'Average Salary'!$C7)+('Headcount per Company'!B8*'Average Salary'!$C8)+('Headcount per Company'!B9*'Average Salary'!$C9)+('Headcount per Company'!B10*'Average Salary'!$C10)+('Headcount per Company'!B11*'Average Salary'!$C11)+('Headcount per Company'!B12*'Average Salary'!$C12)+('Headcount per Company'!B13*'Average Salary'!$C13)+('Headcount per Company'!B14*'Average Salary'!$C14)+('Headcount per Company'!B15*'Average Salary'!$C15)+('Headcount per Company'!B16*'Average Salary'!$C16)+('Headcount per Company'!B17*'Average Salary'!$C17) -> 278250 | D9: =('Headcount per Company'!C6*'Average Salary'!$C6)+('Headcount per Company'!C7*'Average Salary'!$C7)+('Headcount per Company'!C8*'Average Salary'!$C8)+('Headcount per Company'!C9*'Average Salary'!$C9)+('Headcount per Company'!C10*'Average Salary'!$C10)+('Headcount per Company'!C11*'Average Salary'!$C11)+('Headcount per Company'!C12*'Average Salary'!$C12)+('Headcount per Company'!C13*'Average Salary'!$C13)+('Headcount per Company'!C14*'Average Salary'!$C14)+('Headcount per Company'!C15*'Average Salary'!$C15)+('Headcount per Company'!C16*'Average Salary'!$C16)+('Headcount per Company'!C17*'Average Salary'!$C17) -> 150010 | E9: =SUM(B9:D9) -> 1018250
A10: Government Contributions (ER) - Pag-Ibig | B10: =('Headcount per Company'!E6*'Average Salary'!$D6)+('Headcount per Company'!E7*'Average Salary'!$D7)+('Headcount per Company'!E8*'Average Salary'!$D8)+('Headcount per Company'!E9*'Average Salary'!$D9)+('Headcount per Company'!E10*'Average Salary'!$D10)+('Headcount per Company'!E11*'Average Salary'!$D11)+('Headcount per Company'!E12*'Average Salary'!$D12)+('Headcount per Company'!E13*'Average Salary'!$D13)+('Headcount per Company'!E14*'Average Salary'!$D14)+('Headcount per Company'!E15*'Average Salary'!$D15)+('Headcount per Company'!E16*'Average Salary'!$D16)+('Headcount per Company'!E17*'Average Salary'!$D17) -> 34600 | C10: =('Headcount per Company'!B6*'Average Salary'!$D6)+('Headcount per Company'!B7*'Average Salary'!$D7)+('Headcount per Company'!B8*'Average Salary'!$D8)+('Headcount per Company'!B9*'Average Salary'!$D9)+('Headcount per Company'!B10*'Average Salary'!$D10)+('Headcount per Company'!B11*'Average Salary'!$D11)+('Headcount per Company'!B12*'Average Salary'!$D12)+('Headcount per Company'!B13*'Average Salary'!$D13)+('Headcount per Company'!B14*'Average Salary'!$D14)+('Headcount per Company'!B15*'Average Salary'!$D15)+('Headcount per Company'!B16*'Average Salary'!$D16)+('Headcount per Company'!B17*'Average Salary'!$D17) -> 17000 | D10: =('Headcount per Company'!C6*'Average Salary'!$D6)+('Headcount per Company'!C7*'Average Salary'!$D7)+('Headcount per Company'!C8*'Average Salary'!$D8)+('Headcount per Company'!C9*'Average Salary'!$D9)+('Headcount per Company'!C10*'Average Salary'!$D10)+('Headcount per Company'!C11*'Average Salary'!$D11)+('Headcount per Company'!C12*'Average Salary'!$D12)+('Headcount per Company'!C13*'Average Salary'!$D13)+('Headcount per Company'!C14*'Average Salary'!$D14)+('Headcount per Company'!C15*'Average Salary'!$D15)+('Headcount per Company'!C16*'Average Salary'!$D16)+('Headcount per Company'!C17*'Average Salary'!$D17) -> 9400 | E10: =SUM(B10:D10) -> 61000
A11: Government Contributions (ER) - Philhealth | B11: =('Headcount per Company'!E6*'Average Salary'!$E6)+('Headcount per Company'!E7*'Average Salary'!$E7)+('Headcount per Company'!E8*'Average Salary'!$E8)+('Headcount per Company'!E9*'Average Salary'!$E9)+('Headcount per Company'!E10*'Average Salary'!$E10)+('Headcount per Company'!E11*'Average Salary'!$E11)+('Headcount per Company'!E12*'Average Salary'!$E12)+('Headcount per Company'!E13*'Average Salary'!$E13)+('Headcount per Company'!E14*'Average Salary'!$E14)+('Headcount per Company'!E15*'Average Salary'!$E15)+('Headcount per Company'!E16*'Average Salary'!$E16)+('Headcount per Company'!E17*'Average Salary'!$E17) -> 279228 | C11: =('Headcount per Company'!B6*'Average Salary'!$E6)+('Headcount per Company'!B7*'Average Salary'!$E7)+('Headcount per Company'!B8*'Average Salary'!$E8)+('Headcount per Company'!B9*'Average Salary'!$E9)+('Headcount per Company'!B10*'Average Salary'!$E10)+('Headcount per Company'!B11*'Average Salary'!$E11)+('Headcount per Company'!B12*'Average Salary'!$E12)+('Headcount per Company'!B13*'Average Salary'!$E13)+('Headcount per Company'!B14*'Average Salary'!$E14)+('Headcount per Company'!B15*'Average Salary'!$E15)+('Headcount per Company'!B16*'Average Salary'!$E16)+('Headcount per Company'!B17*'Average Salary'!$E17) -> 99686 | D11: =('Headcount per Company'!C6*'Average Salary'!$E6)+('Headcount per Company'!C7*'Average Salary'!$E7)+('Headcount per Company'!C8*'Average Salary'!$E8)+('Headcount per Company'!C9*'Average Salary'!$E9)+('Headcount per Company'!C10*'Average Salary'!$E10)+('Headcount per Company'!C11*'Average Salary'!$E11)+('Headcount per Company'!C12*'Average Salary'!$E12)+('Headcount per Company'!C13*'Average Salary'!$E13)+('Headcount per Company'!C14*'Average Salary'!$E14)+('Headcount per Company'!C15*'Average Salary'!$E15)+('Headcount per Company'!C16*'Average Salary'!$E16)+('Headcount per Company'!C17*'Average Salary'!$E17) -> 53259 | E11: =SUM(B11:D11) -> 432173
A12: Total | B12: =SUM(B7:B11) -> 23211588 | C12: =SUM(C7:C11) -> 5276718.4 | D12: =SUM(D7:D11) -> 2809584.4 | E12: =SUM(E7:E11) -> 31297891
E13: =E12-E8 -> 27042682

Sheet Average Salary
A1: Ortigas Group (OLC, OCC, OCLP)
A2: Average Salary per Employee Rank
B4: to be filled-out by HR | C4: to be filled-out by HR | D4: to be filled-out by HR | E4: to be filled-out by HR
A5: Rank | B5: Average Salary | C5: Government Contributions (ER) - SSS | D5: Government Contributions (ER) - Pag-Ibig | E5: Government Contributions (ER) - Philhealth
A6: 1 | B6: 32379.409 | C6: 3280 | D6: 200 | E6: =B6*0.05/2 -> 809.48523
A7: 2 | B7: 25070 | C7: 0 | D7: 0 | E7: 0
A8: 3 | B8: 25070 | C8: 2530 | D8: 200 | E8: =B8*0.05/2 -> 626.75
A9: =A8+1 -> 4 | B9: 33790 | C9: 3430 | D9: 200 | E9: =B9*0.05/2 -> 844.75
A10: =A9+1 -> 5 | B10: 42510 | C10: 3530 | D10: 200 | E10: =B10*0.05/2 -> 1062.75
A11: =A10+1 -> 6 | B11: 62130 | C11: 3530 | D11: 200 | E11: =B11*0.05/2 -> 1553.25
A12: =A11+1 -> 7 | B12: 78480 | C12: 3530 | D12: 200 | E12: =B12*0.05/2 -> 1962
A13: =A12+1 -> 8 | B13: 115927.91 | C13: 3530 | D13: 200 | E13: 2500
A14: =A13+1 -> 9 | B14: 201377.5 | C14: 3530 | D14: 200 | E14: 2500
A15: =A14+1 -> 10 | B15: 361055.49 | C15: 3530 | D15: 200 | E15: 2500
A16: =A15+1 -> 11 | B16: 500000 | C16: 3530 | D16: 200 | E16: 2500
A17: =A16+1 -> 12 | B17: 600000 | C17: 3530 | D17: 200 | E17: 2500

Sheet Headcount per Company
A1: Ortigas Group (OLC, OCC, OCLP)
A2: Current Headcount per Company
B4: to be filled-out by HR | C4: to be filled-out by HR | D4: to be filled-out by HR | E4: to be filled-out by HR | F4: to be filled-out by HR | G4: to be filled-out by HR
A5: Rank | B5: OCC | C5: OCLP | D5: OCLP Project | E5: OLC | F5: OLC Project | G5: Outsourced | H5: Total
A6: 1 | B6: =COUNTIFS('Employee List'!$B:$B,'Headcount per Company'!$A6,'Employee List'!$A:$A,'Headcount per Company'!B$5) -> 0 | C6: =COUNTIFS('Employee List'!$B:$B,'Headcount per Company'!$A6,'Employee List'!$A:$A,'Headcount per Company'!C$5) -> 0 | D6: =COUNTIFS('Employee List'!$B:$B,'Headcount per Company'!$A6,'Employee List'!$A:$A,'Headcount per Company'!D$5) -> 16 | E6: =COUNTIFS('Employee List'!$B:$B,'Headcount per Company'!$A6,'Employee List'!$A:$A,'Headcount per Company'!E$5) -> 0 | F6: =COUNTIFS('Employee List'!$B:$B,'Headcount per Company'!$A6,'Employee List'!$A:$A,'Headcount per Company'!F$5) -> 4 | G6: =COUNTIFS('Employee List'!$B:$B,'Headcount per Company'!$A6,'Employee List'!$A:$A,'Headcount per Company'!G$5) -> 0 | H6: =SUM(B6:G6) -> 20
A7: 2 | B7: =COUNTIFS('Employee List'!$B:$B,'Headcount per Company'!$A7,'Employee List'!$A:$A,'Headcount per Company'!B$5) -> 0 | C7: =COUNTIFS('Employee List'!$B:$B,'Headcount per Company'!$A7,'Employee List'!$A:$A,'Headcount per Company'!C$5) -> 0 | D7: =COUNTIFS('Employee List'!$B:$B,'Headcount per Company'!$A7,'Employee List'!$A:$A,'Headcount per Company'!D$5) -> 0 | E7: =COUNTIFS('Employee List'!$B:$B,'Headcount per Company'!$A7,'Employee List'!$A:$A,'Headcount per Company'!E$5) -> 0 | F7: =COUNTIFS('Employee List'!$B:$B,'Headcount per Company'!$A7,'Employee List'!$A:$A,'Headcount per Company'!F$5) -> 0 | G7: =COUNTIFS('Employee List'!$B:$B,'Headcount per Company'!$A7,'Employee List'!$A:$A,'Headcount per Company'!G$5) -> 19 | H7: =SUM(B7:G7) -> 19
A8: 3 | B8: =COUNTIFS('Employee List'!$B:$B,'Headcount per Company'!$A8,'Employee List'!$A:$A,'Headcount per Company'!B$5) -> 20 | C8: =COUNTIFS('Employee List'!$B:$B,'Headcount per Company'!$A8,'Employee List'!$A:$A,'Headcount per Company'!C$5) -> 15 | D8: =COUNTIFS('Employee List'!$B:$B,'Headcount per Company'!$A8,'Employee List'!$A:$A,'Headcount per Company'!D$5) -> 0 | E8: =COUNTIFS('Employee List'!$B:$B,'Headcount per Company'!$A8,'Employee List'!$A:$A,'Headcount per Company'!E$5) -> 18 | F8: =COUNTIFS('Employee List'!$B:$B,'Headcount per Company'!$A8,'Employee List'!$A:$A,'Headcount per Company'!F$5) -> 0 | G8: =COUNTIFS('Employee List'!$B:$B,'Headcount per Company'!$A8,'Employee List'!$A:$A,'Headcount per Company'!G$5) -> 0 | H8: =SUM(B8:G8) -> 53
A9: =A8+1 -> 4 | B9: =COUNTIFS('Employee List'!$B:$B,'Headcount per Company'!$A9,'Employee List'!$A:$A,'Headcount per Company'!B$5) -> 18 | C9: =COUNTIFS('Employee List'!$B:$B,'Headcount per Company'!$A9,'Employee List'!$A:$A,'Headcount per Company'!C$5) -> 9 | D9: =COUNTIFS('Employee List'!$B:$B,'Headcount per Company'!$A9,'Employee List'!$A:$A,'Headcount per Company'!D$5) -> 0 | E9: =COUNTIFS('Employee List'!$B:$B,'Headcount per Company'!$A9,'Employee List'!$A:$A,'Headcount per Company'!E$5) -> 27 | F9: =COUNTIFS('Employee List'!$B:$B,'Headcount per Company'!$A9,'Employee List'!$A:$A,'Headcount per Company'!F$5) -> 0 | G9: =COUNTIFS('Employee List'!$B:$B,'Headcount per Company'!$A9,'Employee List'!$A:$A,'Headcount per Company'!G$5) -> 0 | H9: =SUM(B9:G9) -> 54
A10: =A9+1 -> 5 | B10: =COUNTIFS('Employee List'!$B:$B,'Headcount per Company'!$A10,'Employee List'!$A:$A,'Headcount per Company'!B$5) -> 24 | C10: =COUNTIFS('Employee List'!$B:$B,'Headcount per Company'!$A10,'Employee List'!$A:$A,'Headcount per Company'!C$5) -> 13 | D10: =COUNTIFS('Employee List'!$B:$B,'Headcount per Company'!$A10,'Employee List'!$A:$A,'Headcount per Company'!D$5) -> 0 | E10: =COUNTIFS('Employee List'!$B:$B,'Headcount per Company'!$A10,'Employee List'!$A:$A,'Headcount per Company'!E$5) -> 24 | F10: =COUNTIFS('Employee List'!$B:$B,'Headcount per Company'!$A10,'Employee List'!$A:$A,'Headcount per Company'!F$5) -> 0 | G10: =COUNTIFS('Employee List'!$B:$B,'Headcount per Company'!$A10,'Employee List'!$A:$A,'Headcount per Company'!G$5) -> 0 | H10: =SUM(B10:G10) -> 61
A11: =A10+1 -> 6 | B11: =COUNTIFS('Employee List'!$B:$B,'Headcount per Company'!$A11,'Employee List'!$A:$A,'Headcount per Company'!B$5) -> 6 | C11: =COUNTIFS('Employee List'!$B:$B,'Headcount per Company'!$A11,'Employee List'!$A:$A,'Headcount per Company'!C$5) -> 1 | D11: =COUNTIFS('Employee List'!$B:$B,'Headcount per Company'!$A11,'Employee List'!$A:$A,'Headcount per Company'!D$5) -> 0 | E11: =COUNTIFS('Employee List'!$B:$B,'Headcount per Company'!$A11,'Employee List'!$A:$A,'Headcount per Company'!E$5) -> 29 | F11: =COUNTIFS('Employee List'!$B:$B,'Headcount per Company'!$A11,'Employee List'!$A:$A,'Headcount per Company'!F$5) -> 0 | G11: =COUNTIFS('Employee List'!$B:$B,'Headcount per Company'!$A11,'Employee List'!$A:$A,'Headcount per Company'!G$5) -> 0 | H11: =SUM(B11:G11) -> 36
A12: =A11+1 -> 7 | B12: =COUNTIFS('Employee List'!$B:$B,'Headcount per Company'!$A12,'Employee List'!$A:$A,'Headcount per Company'!B$5) -> 10 | C12: =COUNTIFS('Employee List'!$B:$B,'Headcount per Company'!$A12,'Employee List'!$A:$A,'Headcount per Company'!C$5) -> 3 | D12: =COUNTIFS('Employee List'!$B:$B,'Headcount per Company'!$A12,'Employee List'!$A:$A,'Headcount per Company'!D$5) -> 0 | E12: =COUNTIFS('Employee List'!$B:$B,'Headcount per Company'!$A12,'Employee List'!$A:$A,'Headcount per Company'!E$5) -> 24 | F12: =COUNTIFS('Employee List'!$B:$B,'Headcount per Company'!$A12,'Employee List'!$A:$A,'Headcount per Company'!F$5) -> 0 | G12: =COUNTIFS('Employee List'!$B:$B,'Headcount per Company'!$A12,'Employee List'!$A:$A,'Headcount per Company'!G$5) -> 0 | H12: =SUM(B12:G12) -> 37
A13: =A12+1 -> 8 | B13: =COUNTIFS('Employee List'!$B:$B,'Headcount per Company'!$A13,'Employee List'!$A:$A,'Headcount per Company'!B$5) -> 6 | C13: =COUNTIFS('Employee List'!$B:$B,'Headcount per Company'!$A13,'Employee List'!$A:$A,'Headcount per Company'!C$5) -> 6 | D13: =COUNTIFS('Employee List'!$B:$B,'Headcount per Company'!$A13,'Employee List'!$A:$A,'Headcount per Company'!D$5) -> 0 | E13: =COUNTIFS('Employee List'!$B:$B,'Headcount per Company'!$A13,'Employee List'!$A:$A,'Headcount per Company'!E$5) -> 19 | F13: =COUNTIFS('Employee List'!$B:$B,'Headcount per Company'!$A13,'Employee List'!$A:$A,'Headcount per Company'!F$5) -> 0 | G13: =COUNTIFS('Employee List'!$B:$B,'Headcount per Company'!$A13,'Employee List'!$A:$A,'Headcount per Company'!G$5) -> 0 | H13: =SUM(B13:G13) -> 31
A14: =A13+1 -> 9 | B14: =COUNTIFS('Employee List'!$B:$B,'Headcount per Company'!$A14,'Employee List'!$A:$A,'Headcount per Company'!B$5) -> 1 | C14: =COUNTIFS('Employee List'!$B:$B,'Headcount per Company'!$A14,'Employee List'!$A:$A,'Headcount per Company'!C$5) -> 0 | D14: =COUNTIFS('Employee List'!$B:$B,'Headcount per Company'!$A14,'Employee List'!$A:$A,'Headcount per Company'!D$5) -> 0 | E14: =COUNTIFS('Employee List'!$B:$B,'Headcount per Company'!$A14,'Employee List'!$A:$A,'Headcount per Company'!E$5) -> 12 | F14: =COUNTIFS('Employee List'!$B:$B,'Headcount per Company'!$A14,'Employee List'!$A:$A,'Headcount per Company'!F$5) -> 0 | G14: =COUNTIFS('Employee List'!$B:$B,'Headcount per Company'!$A14,'Employee List'!$A:$A,'Headcount per Company'!G$5) -> 0 | H14: =SUM(B14:G14) -> 13
A15: =A14+1 -> 10 | B15: =COUNTIFS('Employee List'!$B:$B,'Headcount per Company'!$A15,'Employee List'!$A:$A,'Headcount per Company'!B$5) -> 0 | C15: =COUNTIFS('Employee List'!$B:$B,'Headcount per Company'!$A15,'Employee List'!$A:$A,'Headcount per Company'!C$5) -> 0 | D15: =COUNTIFS('Employee List'!$B:$B,'Headcount per Company'!$A15,'Employee List'!$A:$A,'Headcount per Company'!D$5) -> 0 | E15: =COUNTIFS('Employee List'!$B:$B,'Headcount per Company'!$A15,'Employee List'!$A:$A,'Headcount per Company'!E$5) -> 12 | F15: =COUNTIFS('Employee List'!$B:$B,'Headcount per Company'!$A15,'Employee List'!$A:$A,'Headcount per Company'!F$5) -> 0 | G15: =COUNTIFS('Employee List'!$B:$B,'Headcount per Company'!$A15,'Employee List'!$A:$A,'Headcount per Company'!G$5) -> 0 | H15: =SUM(B15:G15) -> 12
A16: =A15+1 -> 11 | B16: =COUNTIFS('Employee List'!$B:$B,'Headcount per Company'!$A16,'Employee List'!$A:$A,'Headcount per Company'!B$5) -> 0 | C16: =COUNTIFS('Employee List'!$B:$B,'Headcount per Company'!$A16,'Employee List'!$A:$A,'Headcount per Company'!C$5) -> 0 | D16: =COUNTIFS('Employee List'!$B:$B,'Headcount per Company'!$A16,'Employee List'!$A:$A,'Headcount per Company'!D$5) -> 0 | E16: =COUNTIFS('Employee List'!$B:$B,'Headcount per Company'!$A16,'Employee List'!$A:$A,'Headcount per Company'!E$5) -> 7 | F16: =COUNTIFS('Employee List'!$B:$B,'Headcount per Company'!$A16,'Employee List'!$A:$A,'Headcount per Company'!F$5) -> 0 | G16: =COUNTIFS('Employee List'!$B:$B,'Headcount per Company'!$A16,'Employee List'!$A:$A,'Headcount per Company'!G$5) -> 0 | H16: =SUM(B16:G16) -> 7
A17: =A16+1 -> 12 | B17: =COUNTIFS('Employee List'!$B:$B,'Headcount per Company'!$A17,'Employee List'!$A:$A,'Headcount per Company'!B$5) -> 0 | C17: =COUNTIFS('Employee List'!$B:$B,'Headcount per Company'!$A17,'Employee List'!$A:$A,'Headcount per Company'!C$5) -> 0 | D17: =COUNTIFS('Employee List'!$B:$B,'Headcount per Company'!$A17,'Employee List'!$A:$A,'Headcount per Company'!D$5) -> 0 | E17: =COUNTIFS('Employee List'!$B:$B,'Headcount per Company'!$A17,'Employee List'!$A:$A,'Headcount per Company'!E$5) -> 1 | F17: =COUNTIFS('Employee List'!$B:$B,'Headcount per Company'!$A17,'Employee List'!$A:$A,'Headcount per Company'!F$5) -> 0 | G17: =COUNTIFS('Employee List'!$B:$B,'Headcount per Company'!$A17,'Employee List'!$A:$A,'Headcount per Company'!G$5) -> 0 | H17: =SUM(B17:G17) -> 1
A18: Total | B18: =SUM(B6:B17) -> 85 | C18: =SUM(C6:C17) -> 47 | D18: =SUM(D6:D17) -> 16 | E18: =SUM(E6:E17) -> 173 | F18: =SUM(F6:F17) -> 4 | G18: =SUM(G6:G17) -> 19 | H18: =SUM(H6:H17) -> 344

Sheet SSS
A1: PHILIPPINE SOCIAL SECURITY SYSTEM (SSS)
A4: RANGE OF COMPENSATION | C4: MONTHLY SALARY CREDIT (MSC) | F4: EMPLOYER (ER) SHARE
A5: MINIMUM | B5: MAXIMUM | C5: REGULAR SS | D5: MPF | E5: TOTAL MSC | F5: REGULAR SS | G5: MPF | H5: EC | I5: TOTAL ER
A6: 0 | B6: 5249.99 | C6: 5000 | D6: 0 | E6: =C6+D6 -> 5000 | F6: =C6*0.1 -> 500 | G6: =D6*0.1 -> 0 | H6: =IF(E6<15000, 10, 30) -> 10 | I6: =SUM(F6:H6) -> 510
A7: 5250 | B7: 5749.99 | C7: 5500 | D7: 0 | E7: =C7+D7 -> 5500 | F7: =C7*0.1 -> 550 | G7: =D7*0.1 -> 0 | H7: =IF(E7<15000, 10, 30) -> 10 | I7: =SUM(F7:H7) -> 560
A8: 5750 | B8: 6249.99 | C8: 6000 | D8: 0 | E8: =C8+D8 -> 6000 | F8: =C8*0.1 -> 600 | G8: =D8*0.1 -> 0 | H8: =IF(E8<15000, 10, 30) -> 10 | I8: =SUM(F8:H8) -> 610
A9: 6250 | B9: 6749.99 | C9: 6500 | D9: 0 | E9: =C9+D9 -> 6500 | F9: =C9*0.1 -> 650 | G9: =D9*0.1 -> 0 | H9: =IF(E9<15000, 10, 30) -> 10 | I9: =SUM(F9:H9) -> 660
A10: 6750 | B10: 7249.99 | C10: 7000 | D10: 0 | E10: =C10+D10 -> 7000 | F10: =C10*0.1 -> 700 | G10: =D10*0.1 -> 0 | H10: =IF(E10<15000, 10, 30) -> 10 | I10: =SUM(F10:H10) -> 710
A11: 7250 | B11: 7749.99 | C11: 7500 | D11: 0 | E11: =C11+D11 -> 7500 | F11: =C11*0.1 -> 750 | G11: =D11*0.1 -> 0 | H11: =IF(E11<15000, 10, 30) -> 10 | I11: =SUM(F11:H11) -> 760
A12: 7750 | B12: 8249.99 | C12: 8000 | D12: 0 | E12: =C12+D12 -> 8000 | F12: =C12*0.1 -> 800 | G12: =D12*0.1 -> 0 | H12: =IF(E12<15000, 10, 30) -> 10 | I12: =SUM(F12:H12) -> 810
A13: 8250 | B13: 8749.99 | C13: 8500 | D13: 0 | E13: =C13+D13 -> 8500 | F13: =C13*0.1 -> 850 | G13: =D13*0.1 -> 0 | H13: =IF(E13<15000, 10, 30) -> 10 | I13: =SUM(F13:H13) -> 860
A14: 8750 | B14: 9249.99 | C14: 9000 | D14: 0 | E14: =C14+D14 -> 9000 | F14: =C14*0.1 -> 900 | G14: =D14*0.1 -> 0 | H14: =IF(E14<15000, 10, 30) -> 10 | I14: =SUM(F14:H14) -> 910
A15: 9250 | B15: 9749.99 | C15: 9500 | D15: 0 | E15: =C15+D15 -> 9500 | F15: =C15*0.1 -> 950 | G15: =D15*0.1 -> 0 | H15: =IF(E15<15000, 10, 30) -> 10 | I15: =SUM(F15:H15) -> 960
A16: 9750 | B16: 10249.99 | C16: 10000 | D16: 0 | E16: =C16+D16 -> 10000 | F16: =C16*0.1 -> 1000 | G16: =D16*0.1 -> 0 | H16: =IF(E16<15000, 10, 30) -> 10 | I16: =SUM(F16:H16) -> 1010
A17: 10250 | B17: 10749.99 | C17: 10500 | D17: 0 | E17: =C17+D17 -> 10500 | F17: =C17*0.1 -> 1050 | G17: =D17*0.1 -> 0 | H17: =IF(E17<15000, 10, 30) -> 10 | I17: =SUM(F17:H17) -> 1060
... A65: 34250 | B65: 34749.99 | C65: 20000 | D65: 14500 | E65: =C65+D65 -> 34500 | F65: =C65*0.1 -> 2000 | G65: =D65*0.1 -> 1450 | H65: =IF(E65<15000, 10, 30) -> 30 | I65: =SUM(F65:H65) -> 3480
A66: 34750 | B66: and over | C66: 20000 | D66: 15000 | E66: =C66+D66 -> 35000 | F66: =C66*0.1 -> 2000 | G66: =D66*0.1 -> 1500 | H66: =IF(E66<15000, 10, 30) -> 30 | I66: =SUM(F66:H66) -> 3530
A68: Key Notes & Explanatory Guide:
A69: 1. Regular Social Security (SS) rate is 15% of MSC (10% Employer Share, 5% Employee Share).
A70: 2. Regular SS MSC is capped at PHP 20,000. Any MSC in excess of PHP 20,000 (up to PHP 35,000) goes to Mandatory Provident Fund (MPF / MySSS Pension Booster).
A71: 3. Employees' Compensation (EC) contribution is 100% shouldered by the Employer (PHP 10.00 for MSC < 15,000; PHP 30.00 for MSC >= 15,000).
A72: 4. Table values reflect SSS Circular No. 2024-006 guidelines effective January 2025.
